default      ,student,balance,income
0,0,729.526495,44361.62507
0,1,817.180407,12106.1347
0,0,1073.549164,31767.13895
0,0,529.250605,35704.49394
0,0,785.655883,38463.49588
0,1,919.58853,7491.558572
